[
{
  "model": "admin.logentry",
  "pk": 1,
  "fields": {
    "action_time": "2025-06-29T14:20:19.988Z",
    "user": 3,
    "content_type": 3,
    "object_id": "1",
    "object_repr": "Store Managers",
    "action_flag": 1,
    "change_message": "[{\"added\": {}}]"
  }
},
{
  "model": "admin.logentry",
  "pk": 2,
  "fields": {
    "action_time": "2025-06-29T14:21:22.096Z",
    "user": 3,
    "content_type": 3,
    "object_id": "2",
    "object_repr": "Customers",
    "action_flag": 1,
    "change_message": "[{\"added\": {}}]"
  }
},
{
  "model": "admin.logentry",
  "pk": 3,
  "fields": {
    "action_time": "2025-06-29T14:22:08.484Z",
    "user": 3,
    "content_type": 6,
    "object_id": "2",
    "object_repr": "store_manager",
    "action_flag": 2,
    "change_message": "[{\"changed\": {\"fields\": [\"Groups\"]}}]"
  }
},
{
  "model": "users.customuser",
  "pk": 1,
  "fields": {
    "password": "pbkdf2_sha256$1000000$9k9eyE0FCIkg1oRBl3H3LO$1MuNhQ4wyd83ZpWg7Ehex3zYCgL0jBu18GwZq9Nhk78=",
    "last_login": "2025-07-07T14:48:18.474Z",
    "is_superuser": false,
    "username": "customer1",
    "first_name": "",
    "last_name": "",
    "email": "customer@custom.it",
    "is_staff": false,
    "is_active": true,
    "date_joined": "2025-06-29T14:09:08.391Z",
    "phone_number": null,
    "groups": [
      2
    ],
    "user_permissions": [],
    "favorite_list": [
      15,
      1,
      14,
      13
    ]
  }
},
{
  "model": "users.customuser",
  "pk": 2,
  "fields": {
    "password": "pbkdf2_sha256$1000000$4vYQWTsLgMO3g9UwKWohCC$YmtzGfa89f0hpynXJlYvrSV82eX5c/PqyuUQtgNL73I=",
    "last_login": "2025-07-02T10:56:25.477Z",
    "is_superuser": false,
    "username": "store_manager",
    "first_name": "",
    "last_name": "",
    "email": "storemanager@test.com",
    "is_staff": false,
    "is_active": true,
    "date_joined": "2025-06-29T14:16:11Z",
    "phone_number": null,
    "groups": [
      1
    ],
    "user_permissions": [],
    "favorite_list": []
  }
},
{
  "model": "users.customuser",
  "pk": 3,
  "fields": {
    "password": "pbkdf2_sha256$1000000$pC4s21qCV3hFzIrfR5RJPG$JO0IMigx80/QeyKCda2WFhRmIZIsILsdh3NZ/XSioXU=",
    "last_login": "2025-07-02T10:53:27.335Z",
    "is_superuser": true,
    "username": "admin",
    "first_name": "",
    "last_name": "",
    "email": "admin@admin.com",
    "is_staff": true,
    "is_active": true,
    "date_joined": "2025-06-29T14:18:24.993Z",
    "phone_number": null,
    "groups": [],
    "user_permissions": [],
    "favorite_list": []
  }
},
{
  "model": "users.customuser",
  "pk": 4,
  "fields": {
    "password": "pbkdf2_sha256$1000000$hDnLkYPdlTXbXhRdiQ45Fo$pVJ4EYBa9Cd2dhDH//OMI0ck+3nOJZvMN5l5mrmaaz0=",
    "last_login": null,
    "is_superuser": false,
    "username": "customer2",
    "first_name": "",
    "last_name": "",
    "email": "customer2@custom.com",
    "is_staff": false,
    "is_active": true,
    "date_joined": "2025-06-29T15:30:23.831Z",
    "phone_number": null,
    "groups": [
      2
    ],
    "user_permissions": [],
    "favorite_list": []
  }
},
{
  "model": "users.customuser",
  "pk": 6,
  "fields": {
    "password": "pbkdf2_sha256$1000000$DaOEESvPEJbkKxuk9zSDEL$LpmKnCLfMTuFBI7noX1wav+rNeNBBex5A3YwMHE1FGc=",
    "last_login": null,
    "is_superuser": false,
    "username": "store_manager2",
    "first_name": "",
    "last_name": "",
    "email": "manager2@test.com",
    "is_staff": false,
    "is_active": true,
    "date_joined": "2025-06-29T15:39:25.824Z",
    "phone_number": null,
    "groups": [
        1
    ],
    "user_permissions": [],
    "favorite_list": []
  }
},
{
  "model": "users.address",
  "pk": 1,
  "fields": {
    "user": 1,
    "city": "Roma",
    "street": "Via Nuova 1",
    "postal_code": "00100",
    "nickname": "Casa",
    "country": "Italia"
  }
},
{
  "model": "users.address",
  "pk": 2,
  "fields": {
    "user": 4,
    "city": "Milano",
    "street": "Via Vecchia 2",
    "postal_code": "20100",
    "nickname": "Ufficio",
    "country": "Italia"
  }
},
  {
  "model": "users.address",
  "pk": 5,
  "fields": {
    "user": 4,
    "city": "Milano",
    "street": "via nuova, 2",
    "postal_code": "20100",
    "nickname": "casa",
    "country": "Italia"
  }
},

{
  "model": "users.paymentmethod",
  "pk": 2,
  "fields": {
    "user": 1,
    "card_number": "1111111111111111",
    "card_expiry": "11/12",
    "card_cvv": "111"
  }
},
{
  "model": "users.paymentmethod",
  "pk": 3,
  "fields": {
    "user": 1,
    "card_number": "0000000000000000",
    "card_expiry": "01/01",
    "card_cvv": "111"
  }
},
{
  "model": "products.category",
  "pk": 1,
  "fields": {
    "name": "Alimenti"
  }
},
{
  "model": "products.category",
  "pk": 2,
  "fields": {
    "name": "Attrezzature"
  }
},
{
  "model": "products.category",
  "pk": 3,
  "fields": {
    "name": "Integratori"
  }
},
{
  "model": "products.product",
  "pk": 1,
  "fields": {
    "name": "Proteine Whey cioccolato",
    "description": "Proteine del siero del latte ad alto valore biologico al gusto cioccolato",
    "price": "35.00",
    "stock": 88,
    "available": true,
    "created": "2025-06-29T15:07:49.453Z",
    "updated": "2025-07-02T09:48:52.838Z",
    "image": "product_images/Proteine Whey cioccolato.jpeg",
    "added_by": 2,
    "modified_by": 2,
    "category": [
      1,
      3
    ]
  }
},
{
  "model": "products.product",
  "pk": 2,
  "fields": {
    "name": "Barretta Energetica",
    "description": "Barretta proteica gusto cioccolato",
    "price": "1.20",
    "stock": 50,
    "available": true,
    "created": "2024-06-10T09:00:00Z",
    "updated": "2024-06-10T09:00:00Z",
    "image": "product_images/barretta-proteica.png",
    "added_by": 2,
    "modified_by": null,
    "category": [
      1
    ]
  }
},
{
  "model": "products.product",
  "pk": 3,
  "fields": {
    "name": "Bevanda Isotonica",
    "description": "Bevanda per sportivi",
    "price": "1.80",
    "stock": 80,
    "available": true,
    "created": "2024-06-10T09:10:00Z",
    "updated": "2024-06-10T09:10:00Z",
    "image": "product_images/bevanda-isotonica.jpeg",
    "added_by": 2,
    "modified_by": null,
    "category": [
      1
    ]
  }
},
{
  "model": "products.product",
  "pk": 4,
  "fields": {
    "name": "Creatina",
    "description": "Integratore di creatina monoidrato",
    "price": "9.90",
    "stock": 30,
    "available": true,
    "created": "2024-06-10T09:20:00Z",
    "updated": "2024-06-10T09:20:00Z",
    "image": "product_images/Creatina.jpeg",
    "added_by": 6,
    "modified_by": null,
    "category": [
      3
    ]
  }
},
{
  "model": "products.product",
  "pk": 5,
  "fields": {
    "name": "Omega 3",
    "description": "Integratore di olio di pesce",
    "price": "7.50",
    "stock": 40,
    "available": true,
    "created": "2024-06-10T09:30:00Z",
    "updated": "2024-06-10T09:30:00Z",
    "image": "product_images/Omega 3.jpeg",
    "added_by": 6,
    "modified_by": null,
    "category": [
      3
    ]
  }
},
{
  "model": "products.product",
  "pk": 6,
  "fields": {
    "name": "Multivitaminico",
    "description": "Integratore multivitaminico completo per il benessere quotidiano.",
    "price": "12.00",
    "stock": 60,
    "available": true,
    "created": "2024-06-10T09:40:00Z",
    "updated": "2024-06-10T09:40:00Z",
    "image": "product_images/Multivitaminico.jpeg",
    "added_by": 6,
    "modified_by": 6,
    "category": [
      3
    ]
  }
},
{
  "model": "products.product",
  "pk": 7,
  "fields": {
    "name": "BCAA",
    "description": "Aminoacidi ramificati per il recupero muscolare.",
    "price": "15.00",
    "stock": 25,
    "available": true,
    "created": "2024-06-11T10:00:00Z",
    "updated": "2024-06-11T10:00:00Z",
    "image": "product_images/bcaa.png",
    "added_by": 2,
    "modified_by": 2,
    "category": [
      3
    ]
  }
},
{
  "model": "products.product",
  "pk": 8,
  "fields": {
    "name": "Barretta Frutta",
    "description": "Barretta energetica alla frutta",
    "price": "1.50",
    "stock": 35,
    "available": true,
    "created": "2024-06-12T09:00:00Z",
    "updated": "2024-06-12T09:00:00Z",
    "image": "product_images/barretta-proteica-fruttata.png",
    "added_by": 2,
    "modified_by": null,
    "category": [
      1
    ]
  }
},
{
  "model": "products.product",
  "pk": 9,
  "fields": {
    "name": "Vitamina C",
    "description": "Integratore di vitamina C",
    "price": "5.00",
    "stock": 20,
    "available": true,
    "created": "2024-06-13T09:00:00Z",
    "updated": "2024-06-13T09:00:00Z",
    "image": "product_images/Vitamina C.jpeg",
    "added_by": 6,
    "modified_by": null,
    "category": [
      3
    ]
  }
},
{
  "model": "products.product",
  "pk": 10,
  "fields": {
    "name": "Barretta Mandorle",
    "description": "Barretta energetica alle mandorle",
    "price": "1.60",
    "stock": 40,
    "available": true,
    "created": "2024-06-14T09:00:00Z",
    "updated": "2024-06-14T09:00:00Z",
    "image": "product_images/barretta-proteica-mandorle.png",
    "added_by": 2,
    "modified_by": null,
    "category": [
      1
    ]
  }
},
{
  "model": "products.product",
  "pk": 11,
  "fields": {
    "name": "Magnesio",
    "description": "Integratore di magnesio puro",
    "price": "6.00",
    "stock": 30,
    "available": true,
    "created": "2024-06-15T09:00:00Z",
    "updated": "2024-06-15T09:00:00Z",
    "image": "product_images/Magnesio.jpeg",
    "added_by": 6,
    "modified_by": null,
    "category": [
      3
    ]
  }
},
{
  "model": "products.product",
  "pk": 12,
  "fields": {
    "name": "Fasce Polsi",
    "description": "Fasce elastiche per il supporto dei polsi durante l'allenamento.",
    "price": "9.90",
    "stock": 50,
    "available": true,
    "created": "2024-06-15T11:00:00Z",
    "updated": "2024-06-15T11:00:00Z",
    "image": "product_images/fasce-polsi.jpeg",
    "added_by": 4,
    "modified_by": 4,
    "category": [
      2
    ]
  }
},
{
  "model": "products.product",
  "pk": 13,
  "fields": {
    "name": "Tappetino Fitness",
    "description": "Tappetino antiscivolo per esercizi a corpo libero e stretching.",
    "price": "19.90",
    "stock": 30,
    "available": true,
    "created": "2024-06-15T12:00:00Z",
    "updated": "2024-06-15T12:00:00Z",
    "image": "product_images/Tappetino Fitness.jpeg",
    "added_by": 2,
    "modified_by": 2,
    "category": [
      2
    ]
  }
},
{
  "model": "products.product",
  "pk": 14,
  "fields": {
    "name": "Shaker Proteine",
    "description": "Shaker da 700ml per preparare e trasportare frullati proteici.",
    "price": "6.50",
    "stock": 100,
    "available": true,
    "created": "2024-06-15T13:00:00Z",
    "updated": "2024-06-15T13:00:00Z",
    "image": "product_images/Shaker Proteine.jpeg",
    "added_by": 4,
    "modified_by": 4,
    "category": [
      2
    ]
  }
},
{
  "model": "products.product",
  "pk": 15,
  "fields": {
    "name": "Corda per Saltare",
    "description": "Corda regolabile per allenamento cardio e riscaldamento.",
    "price": "7.90",
    "stock": 60,
    "available": true,
    "created": "2024-06-15T14:00:00Z",
    "updated": "2024-06-15T14:00:00Z",
    "image": "product_images/corda-da-allenamento.jpeg",
    "added_by": 2,
    "modified_by": 2,
    "category": [
      2
    ]
  }
},
{
  "model": "products.product",
  "pk": 16,
  "fields": {
    "name": "Manubri Regolabili",
    "description": "Coppia di manubri regolabili da 2 a 20 kg per allenamento domestico.",
    "price": "79.90",
    "stock": 10,
    "available": true,
    "created": "2024-06-16T10:00:00Z",
    "updated": "2024-06-16T10:00:00Z",
    "image": "product_images/Manubri Regolabili.jpeg",
    "added_by": 2,
    "modified_by": 2,
    "category": [
      2
    ]
  }
},
{
  "model": "products.product",
  "pk": 17,
  "fields": {
    "name": "Proteine Whey",
    "description": "Proteine del siero del latte ad alto valore biologico.",
    "price": "24.90",
    "stock": 40,
    "available": true,
    "created": "2024-06-16T11:00:00Z",
    "updated": "2024-06-16T11:00:00Z",
    "image": "product_images/PROTEINE-IN-POLVERE.png",
    "added_by": 6,
    "modified_by": 6,
    "category": [
      3
    ]
  }
},
{
  "model": "products.product",
  "pk": 18,
  "fields": {
    "name": "Elastici Fitness",
    "description": "Set di elastici di resistenza per allenamento funzionale.",
    "price": "14.90",
    "stock": 35,
    "available": true,
    "created": "2024-06-16T12:00:00Z",
    "updated": "2024-06-16T12:00:00Z",
    "image": "product_images/Elastici Fitness.jpeg",
    "added_by": 4,
    "modified_by": 4,
    "category": [
      2
    ]
  }
},
{
  "model": "products.product",
  "pk": 19,
  "fields": {
    "name": "Pre-Workout",
    "description": "Integratore pre-allenamento per energia e concentrazione.",
    "price": "21.00",
    "stock": 22,
    "available": true,
    "created": "2024-06-16T13:00:00Z",
    "updated": "2024-06-16T13:00:00Z",
    "image": "product_images/Pre-Workout.jpeg",
    "added_by": 2,
    "modified_by": 2,
    "category": [
      3
    ]
  }
},
{
  "model": "products.product",
  "pk": 20,
  "fields": {
    "name": "Foam Roller",
    "description": "Rullo in schiuma per automassaggio e recupero muscolare.",
    "price": "16.90",
    "stock": 28,
    "available": true,
    "created": "2024-06-16T14:00:00Z",
    "updated": "2024-06-16T14:00:00Z",
    "image": "product_images/Foam Roller.jpeg",
    "added_by": 2,
    "modified_by": 2,
    "category": [
      2
    ]
  }
},
{
  "model": "core.cart",
  "pk": 1,
  "fields": {
    "user": 1,
    "address": null
  }
},
{
  "model": "core.cart",
  "pk": 2,
  "fields": {
    "user": 2,
    "address": null
  }
},
{
  "model": "core.cartitem",
  "pk": 2,
  "fields": {
    "cart": 1,
    "product": 1,
    "quantity": 3
  }
},
{
  "model": "core.cartitem",
  "pk": 3,
  "fields": {
    "cart": 1,
    "product": 20,
    "quantity": 2
  }
},
  {
  "model": "core.deliveryaddress",
  "pk": 1,
  "fields": {
    "street": "Via Nuova, 1",
    "city": "Roma",
    "postal_code": "00100",
    "country": "Italia",
    "created_at": "2025-07-01T16:11:04.859Z"
  }
},
{
  "model": "core.deliveryaddress",
  "pk": 2,
  "fields": {
    "street": "Via Vecchia, 2",
    "city": "Milano",
    "postal_code": "20100",
    "country": "Italia",
    "created_at": "2025-07-04T10:28:10Z"
  }
},
{
  "model": "core.deliveryaddress",
  "pk": 3,
  "fields": {
    "street": "Via Nuova, 1",
    "city": "Milano",
    "postal_code": "20100",
    "country": "Italia",
    "created_at": "2025-07-04T10:28:16Z"
  }
},
{
  "model": "core.order",
  "pk": 1,
  "fields": {
    "user": 1,
    "created_at": "2024-06-10T08:00:00Z",
    "address": 1,
    "delivery_date": "2024-06-20",
    "status": "pending",
    "shipping_cost": "4.99",
    "shipping_method": "standard",
    "payment_method": "2"
  }
},
{
  "model": "core.order",
  "pk": 2,
  "fields": {
    "user": 1,
    "created_at": "2024-06-10T08:10:00Z",
    "address": 1,
    "delivery_date": "2024-06-21",
    "status": "shipped",
    "shipping_cost": "9.99",
    "shipping_method": "express",
    "payment_method": "1111111111111111"
  }
},
{
  "model": "core.order",
  "pk": 3,
  "fields": {
    "user": 1,
    "created_at": "2024-06-10T08:20:00Z",
    "address": 1,
    "delivery_date": "2024-06-22",
    "status": "delivered",
    "shipping_cost": "9.99",
    "shipping_method": "express",
    "payment_method": "0000000000000000"
  }
},
{
  "model": "core.order",
  "pk": 4,
  "fields": {
    "user": 4,
    "created_at": "2024-06-10T08:30:00Z",
    "address": 2,
    "delivery_date": "2024-06-23",
    "status": "pending",
    "shipping_cost": "4.99",
    "shipping_method": "standard",
    "payment_method": "1111111111111112"
  }
},
{
  "model": "core.order",
  "pk": 5,
  "fields": {
    "user": 4,
    "created_at": "2024-06-10T08:40:00Z",
    "address": 3,
    "delivery_date": "2024-06-24",
    "status": "shipped",
    "shipping_cost": "9.99",
    "shipping_method": "express",
    "payment_method": "1111111111111112"
  }
},
{
  "model": "core.order",
  "pk": 6,
  "fields": {
    "user": 4,
    "created_at": "2024-06-10T08:50:00Z",
    "address": 3,
    "delivery_date": "2024-06-25",
    "status": "delivered",
    "shipping_cost": "4.99",
    "shipping_method": "standard",
    "payment_method": "1111111111111112"
  }
},
{
  "model": "core.order",
  "pk": 7,
  "fields": {
    "user": 1,
    "created_at": "2024-06-17T08:00:00Z",
    "address": 1,
    "delivery_date": "2024-06-19",
    "status": "delivered",
    "shipping_cost": "4.99",
    "shipping_method": "standard",
    "payment_method": "1111111111111111"
  }
},
{
  "model": "core.order",
  "pk": 9,
  "fields": {
    "user": 1,
    "created_at": "2024-06-18T08:00:00Z",
    "address": 1,
    "delivery_date": "2024-06-21",
    "status": "delivered",
    "shipping_cost": "4.99",
    "shipping_method": "standard",
    "payment_method": "0000000000000000"
  }
},
{
  "model": "core.order",
  "pk": 10,
  "fields": {
    "user": 4,
    "created_at": "2024-06-18T09:00:00Z",
    "address": 2,
    "delivery_date": "2024-06-22",
    "status": "delivered",
    "shipping_cost": "9.99",
    "shipping_method": "express",
    "payment_method": "1111111111111112"
  }
},
{
  "model": "core.orderitem",
  "pk": 1,
  "fields": {
    "order": 1,
    "product": 1,
    "price": "2.50",
    "quantity": 2
  }
},
{
  "model": "core.orderitem",
  "pk": 2,
  "fields": {
    "order": 1,
    "product": 2,
    "price": "1.20",
    "quantity": 1
  }
},
{
  "model": "core.orderitem",
  "pk": 3,
  "fields": {
    "order": 2,
    "product": 3,
    "price": "1.80",
    "quantity": 3
  }
},
{
  "model": "core.orderitem",
  "pk": 4,
  "fields": {
    "order": 2,
    "product": 4,
    "price": "9.90",
    "quantity": 1
  }
},
{
  "model": "core.orderitem",
  "pk": 5,
  "fields": {
    "order": 3,
    "product": 5,
    "price": "7.50",
    "quantity": 2
  }
},
{
  "model": "core.orderitem",
  "pk": 6,
  "fields": {
    "order": 4,
    "product": 2,
    "price": "1.20",
    "quantity": 2
  }
},
{
  "model": "core.orderitem",
  "pk": 7,
  "fields": {
    "order": 4,
    "product": 3,
    "price": "1.80",
    "quantity": 1
  }
},
{
  "model": "core.orderitem",
  "pk": 8,
  "fields": {
    "order": 5,
    "product": 4,
    "price": "9.90",
    "quantity": 2
  }
},
{
  "model": "core.orderitem",
  "pk": 9,
  "fields": {
    "order": 5,
    "product": 5,
    "price": "7.50",
    "quantity": 1
  }
},
{
  "model": "core.orderitem",
  "pk": 10,
  "fields": {
    "order": 6,
    "product": 1,
    "price": "2.50",
    "quantity": 1
  }
},
{
  "model": "core.orderitem",
  "pk": 11,
  "fields": {
    "order": 6,
    "product": 3,
    "price": "1.80",
    "quantity": 2
  }
},
{
  "model": "core.orderitem",
  "pk": 12,
  "fields": {
    "order": 7,
    "product": 17,
    "price": "24.90",
    "quantity": 1
  }
},
{
  "model": "core.orderitem",
  "pk": 14,
  "fields": {
    "order": 9,
    "product": 4,
    "price": "9.90",
    "quantity": 1
  }
},
{
  "model": "core.orderitem",
  "pk": 15,
  "fields": {
    "order": 9,
    "product": 5,
    "price": "7.50",
    "quantity": 1
  }
},
{
  "model": "core.orderitem",
  "pk": 16,
  "fields": {
    "order": 10,
    "product": 2,
    "price": "1.20",
    "quantity": 1
  }
},
{
  "model": "core.orderitem",
  "pk": 17,
  "fields": {
    "order": 10,
    "product": 3,
    "price": "1.80",
    "quantity": 1
  }
},
{
  "model": "review.review",
  "pk": 2,
  "fields": {
    "product": 2,
    "user": 4,
    "rating": 4,
    "comment": "Buono ma migliorabile",
    "created_at": "2024-06-16T11:00:00Z"
  }
},
{
  "model": "review.review",
  "pk": 4,
  "fields": {
    "product": 17,
    "user": 1,
    "rating": 4,
    "comment": "Ottime proteine, si sciolgono bene.",
    "created_at": "2024-06-17T10:00:00Z"
  }
},
{
  "model": "review.review",
  "pk": 6,
  "fields": {
    "product": 3,
    "user": 1,
    "rating": 5,
    "comment": "Bevanda isotonica molto rinfrescante.",
    "created_at": "2024-06-18T12:00:00Z"
  }
},
{
  "model": "review.review",
  "pk": 7,
  "fields": {
    "product": 4,
    "user": 1,
    "rating": 4,
    "comment": "Creatina efficace, si scioglie bene.",
    "created_at": "2024-06-18T13:00:00Z"
  }
},
{
  "model": "review.review",
  "pk": 8,
  "fields": {
    "product": 5,
    "user": 1,
    "rating": 5,
    "comment": "Omega 3 di qualità, nessun retrogusto.",
    "created_at": "2024-06-18T14:00:00Z"
  }
},
{
  "model": "review.review",
  "pk": 9,
  "fields": {
    "product": 2,
    "user": 1,
    "rating": 4,
    "comment": "Barretta gustosa e saziante.",
    "created_at": "2024-06-18T15:00:00Z"
  }
},
{
  "model": "review.review",
  "pk": 10,
  "fields": {
    "product": 3,
    "user": 4,
    "rating": 5,
    "comment": "Ottima per il recupero dopo l'allenamento.",
    "created_at": "2024-06-18T16:00:00Z"
  }
},
{
  "model": "review.review",
  "pk": 11,
  "fields": {
    "product": 4,
    "user": 4,
    "rating": 4,
    "comment": "Buon integratore, spedizione veloce.",
    "created_at": "2024-06-18T17:00:00Z"
  }
},
{
  "model": "review.review",
  "pk": 12,
  "fields": {
    "product": 5,
    "user": 4,
    "rating": 5,
    "comment": "Ottimo rapporto qualità/prezzo.",
    "created_at": "2024-06-18T18:00:00Z"
  }
}
]
