[
  {
    "model": "products.Category",
    "pk": 1,
    "fields": {
      "name": "Alimenti"
    }
  },
  {
    "model": "users.Address",
    "pk": 1,
    "fields": {
      "user": 1,
      "city": "Roma",
      "street": "Via Nuova 1",
      "postal_code": "00100",
      "nickname": "Casa",
      "country": "Italia"
    }
  },
  {
    "model": "users.Address",
    "pk": 2,
    "fields": {
      "user": 4,
      "city": "Milano",
      "street": "Via Vecchia 2",
      "postal_code": "20100",
      "nickname": "Ufficio",
      "country": "Italia"
    }
  },
  {
    "model": "products.Product",
    "pk": 2,
    "fields": {
      "name": "Barretta Energetica",
      "description": "Barretta proteica gusto cioccolato",
      "price": "1.20",
      "stock": 50,
      "available": true,
      "created": "2024-06-10T09:00:00Z",
      "updated": "2024-06-10T09:00:00Z",
      "image": "",
      "category": [1],
      "added_by": 2
    }
  },
  {
    "model": "products.Product",
    "pk": 3,
    "fields": {
      "name": "Bevanda Isotonica",
      "description": "Bevanda per sportivi",
      "price": "1.80",
      "stock": 80,
      "available": true,
      "created": "2024-06-10T09:10:00Z",
      "updated": "2024-06-10T09:10:00Z",
      "image": "",
      "category": [1],
      "added_by": 2
    }
  },
  {
    "model": "products.Product",
    "pk": 4,
    "fields": {
      "name": "Creatina",
      "description": "Integratore di creatina monoidrato",
      "price": "9.90",
      "stock": 30,
      "available": true,
      "created": "2024-06-10T09:20:00Z",
      "updated": "2024-06-10T09:20:00Z",
      "image": "",
      "category": [3],
      "added_by": 2
    }
  },
  {
    "model": "products.Product",
    "pk": 5,
    "fields": {
      "name": "Omega 3",
      "description": "Integratore di olio di pesce",
      "price": "7.50",
      "stock": 40,
      "available": true,
      "created": "2024-06-10T09:30:00Z",
      "updated": "2024-06-10T09:30:00Z",
      "image": "",
      "category": [3],
      "added_by": 6
    }
  },
  {
    "model": "core.Order",
    "pk": 3,
    "fields": {
      "user": 1,
      "created_at": "2024-06-10T08:20:00Z",
      "delivery_date": "2024-06-22",
      "status": "delivered",
      "shipping_cost": "0.00",
      "shipping_method": "express"
    }
  },
  {
    "model": "core.Order",
    "pk": 7,
    "fields": {
      "user": 1,
      "created_at": "2024-06-17T08:00:00Z",
      "delivery_date": "2024-06-19",
      "status": "delivered",
      "shipping_cost": "3.00",
      "shipping_method": "standard"
    }
  },
  {
    "model": "core.OrderItem",
    "pk": 12,
    "fields": {
      "order": 7,
      "product": 17,
      "price": "24.90",
      "quantity": 1
    }
  },
  {
    "model": "core.Order",
    "pk": 9,
    "fields": {
      "user": 1,
      "created_at": "2024-06-18T08:00:00Z",
      "delivery_date": "2024-06-21",
      "status": "delivered",
      "shipping_cost": "3.00",
      "shipping_method": "standard"
    }
  },
  {
    "model": "core.OrderItem",
    "pk": 14,
    "fields": {
      "order": 9,
      "product": 4,
      "price": "9.90",
      "quantity": 1
    }
  },
  {
    "model": "core.OrderItem",
    "pk": 15,
    "fields": {
      "order": 9,
      "product": 5,
      "price": "7.50",
      "quantity": 1
    }
  },
  {
    "model": "core.Order",
    "pk": 10,
    "fields": {
      "user": 4,
      "created_at": "2024-06-18T09:00:00Z",
      "delivery_date": "2024-06-22",
      "status": "delivered",
      "shipping_cost": "3.00",
      "shipping_method": "express"
    }
  },
  {
    "model": "core.OrderItem",
    "pk": 16,
    "fields": {
      "order": 10,
      "product": 2,
      "price": "1.20",
      "quantity": 1
    }
  },
  {
    "model": "core.OrderItem",
    "pk": 17,
    "fields": {
      "order": 10,
      "product": 3,
      "price": "1.80",
      "quantity": 1
    }
  },
  {
    "model": "products.Product",
    "pk": 6,
    "fields": {
      "name": "Multivitaminico",
      "description": "Integratore multivitaminico completo per il benessere quotidiano.",
      "price": "12.00",
      "stock": 60,
      "available": true,
      "created": "2024-06-10T09:40:00Z",
      "updated": "2024-06-10T09:40:00Z",
      "image": "",
      "category": [3],
      "added_by": 6,
      "modified_by": 6
    }
  },
  {
    "model": "products.Product",
    "pk": 7,
    "fields": {
      "name": "BCAA",
      "description": "Aminoacidi ramificati per il recupero muscolare.",
      "price": "15.00",
      "stock": 25,
      "available": true,
      "created": "2024-06-11T10:00:00Z",
      "updated": "2024-06-11T10:00:00Z",
      "image": "",
      "category": [3],
      "added_by": 2,
      "modified_by": 2
    }
  },
  {
    "model": "products.Product",
    "pk": 17,
    "fields": {
      "name": "Proteine Whey",
      "description": "Proteine del siero del latte ad alto valore biologico.",
      "price": "24.90",
      "stock": 40,
      "available": true,
      "created": "2024-06-16T11:00:00Z",
      "updated": "2024-06-16T11:00:00Z",
      "image": "",
      "category": [3],
      "added_by": 4,
      "modified_by": 4
    }
  },
  {
    "model": "review.Review",
    "pk": 4,
    "fields": {
      "product": 17,
      "user": 1,
      "rating": 4,
      "comment": "Ottime proteine, si sciolgono bene.",
      "created_at": "2024-06-17T10:00:00Z"
    }
  },
  {
    "model": "review.Review",
    "pk": 6,
    "fields": {
      "product": 3,
      "user": 1,
      "rating": 5,
      "comment": "Bevanda isotonica molto rinfrescante.",
      "created_at": "2024-06-18T12:00:00Z"
    }
  },
  {
    "model": "review.Review",
    "pk": 7,
    "fields": {
      "product": 4,
      "user": 1,
      "rating": 4,
      "comment": "Creatina efficace, si scioglie bene.",
      "created_at": "2024-06-18T13:00:00Z"
    }
  },
  {
    "model": "review.Review",
    "pk": 8,
    "fields": {
      "product": 5,
      "user": 1,
      "rating": 5,
      "comment": "Omega 3 di qualità, nessun retrogusto.",
      "created_at": "2024-06-18T14:00:00Z"
    }
  },
  {
    "model": "review.Review",
    "pk": 9,
    "fields": {
      "product": 2,
      "user": 1,
      "rating": 4,
      "comment": "Barretta gustosa e saziante.",
      "created_at": "2024-06-18T15:00:00Z"
    }
  },
  {
    "model": "review.Review",
    "pk": 10,
    "fields": {
      "product": 3,
      "user": 4,
      "rating": 5,
      "comment": "Ottima per il recupero dopo l'allenamento.",
      "created_at": "2024-06-18T16:00:00Z"
    }
  },
  {
    "model": "review.Review",
    "pk": 11,
    "fields": {
      "product": 4,
      "user": 4,
      "rating": 4,
      "comment": "Buon integratore, spedizione veloce.",
      "created_at": "2024-06-18T17:00:00Z"
    }
  },
  {
    "model": "review.Review",
    "pk": 12,
    "fields": {
      "product": 5,
      "user": 4,
      "rating": 5,
      "comment": "Ottimo rapporto qualità/prezzo.",
      "created_at": "2024-06-18T18:00:00Z"
    }
  },
  {
    "model": "review.Review",
    "pk": 2,
    "fields": {
      "product": 2,
      "user": 4,
      "rating": 4,
      "comment": "Buono ma migliorabile",
      "created_at": "2024-06-16T11:00:00Z"
    }
  }
  ,
  {
    "model": "products.Category",
    "pk": 1,
    "fields": { "name": "Alimenti" }
  },
  {
    "model": "products.Category",
    "pk": 3,
    "fields": { "name": "Integratori" }
  },
  {
    "model": "users.Address",
    "pk": 1,
    "fields": {
      "user": 1,
      "city": "Roma",
      "street": "Via Nuova 1",
      "postal_code": "00100",
      "nickname": "Casa",
      "country": "Italia"
    }
  },
  {
    "model": "users.Address",
    "pk": 2,
    "fields": {
      "user": 4,
      "city": "Milano",
      "street": "Via Vecchia 2",
      "postal_code": "20100",
      "nickname": "Ufficio",
      "country": "Italia"
    }
  },
  {
    "model": "products.Product",
    "pk": 2,
    "fields": {
      "name": "Barretta Energetica",
      "description": "Barretta proteica gusto cioccolato",
      "price": "1.20",
      "stock": 50,
      "available": true,
      "created": "2024-06-10T09:00:00Z",
      "updated": "2024-06-10T09:00:00Z",
      "image": "",
      "category": [1],
      "added_by": 2
    }
  },
  {
    "model": "products.Product",
    "pk": 3,
    "fields": {
      "name": "Bevanda Isotonica",
      "description": "Bevanda per sportivi",
      "price": "1.80",
      "stock": 80,
      "available": true,
      "created": "2024-06-10T09:10:00Z",
      "updated": "2024-06-10T09:10:00Z",
      "image": "",
      "category": [1],
      "added_by": 2
    }
  },
  {
    "model": "products.Product",
    "pk": 4,
    "fields": {
      "name": "Creatina",
      "description": "Integratore di creatina monoidrato",
      "price": "9.90",
      "stock": 30,
      "available": true,
      "created": "2024-06-10T09:20:00Z",
      "updated": "2024-06-10T09:20:00Z",
      "image": "",
      "category": [3],
      "added_by": 6
    }
  },
  {
    "model": "products.Product",
    "pk": 5,
    "fields": {
      "name": "Omega 3",
      "description": "Integratore di olio di pesce",
      "price": "7.50",
      "stock": 40,
      "available": true,
      "created": "2024-06-10T09:30:00Z",
      "updated": "2024-06-10T09:30:00Z",
      "image": "",
      "category": [3],
      "added_by": 6
    }
  },
  {
    "model": "products.Product",
    "pk": 6,
    "fields": {
      "name": "Multivitaminico",
      "description": "Integratore multivitaminico completo per il benessere quotidiano.",
      "price": "12.00",
      "stock": 60,
      "available": true,
      "created": "2024-06-10T09:40:00Z",
      "updated": "2024-06-10T09:40:00Z",
      "image": "",
      "category": [3],
      "added_by": 6,
      "modified_by": 6
    }
  },
  {
    "model": "products.Product",
    "pk": 7,
    "fields": {
      "name": "BCAA",
      "description": "Aminoacidi ramificati per il recupero muscolare.",
      "price": "15.00",
      "stock": 25,
      "available": true,
      "created": "2024-06-11T10:00:00Z",
      "updated": "2024-06-11T10:00:00Z",
      "image": "",
      "category": [3],
      "added_by": 2,
      "modified_by": 2
    }
  },
  {
    "model": "products.Product",
    "pk": 8,
    "fields": {
      "name": "Barretta Frutta",
      "description": "Barretta energetica alla frutta",
      "price": "1.50",
      "stock": 35,
      "available": true,
      "created": "2024-06-12T09:00:00Z",
      "updated": "2024-06-12T09:00:00Z",
      "image": "",
      "category": [1],
      "added_by": 2
    }
  },
  {
    "model": "products.Product",
    "pk": 9,
    "fields": {
      "name": "Vitamina C",
      "description": "Integratore di vitamina C",
      "price": "5.00",
      "stock": 20,
      "available": true,
      "created": "2024-06-13T09:00:00Z",
      "updated": "2024-06-13T09:00:00Z",
      "image": "",
      "category": [3],
      "added_by": 6
    }
  },
  {
    "model": "products.Product",
    "pk": 10,
    "fields": {
      "name": "Barretta Mandorle",
      "description": "Barretta energetica alle mandorle",
      "price": "1.60",
      "stock": 40,
      "available": true,
      "created": "2024-06-14T09:00:00Z",
      "updated": "2024-06-14T09:00:00Z",
      "image": "",
      "category": [1],
      "added_by": 2
    }
  },
  {
    "model": "products.Product",
    "pk": 11,
    "fields": {
      "name": "Magnesio",
      "description": "Integratore di magnesio puro",
      "price": "6.00",
      "stock": 30,
      "available": true,
      "created": "2024-06-15T09:00:00Z",
      "updated": "2024-06-15T09:00:00Z",
      "image": "",
      "category": [3],
      "added_by": 6
    }
  },
  {
    "model": "products.Product",
    "pk": 17,
    "fields": {
      "name": "Proteine Whey",
      "description": "Proteine del siero del latte ad alto valore biologico.",
      "price": "24.90",
      "stock": 40,
      "available": true,
      "created": "2024-06-16T11:00:00Z",
      "updated": "2024-06-16T11:00:00Z",
      "image": "",
      "category": [3],
      "added_by": 6,
      "modified_by": 6
    }
  },
  {
    "model": "core.Order",
    "pk": 3,
    "fields": {
      "user": 1,
      "created_at": "2024-06-10T08:20:00Z",
      "delivery_date": "2024-06-22",
      "status": "delivered",
      "shipping_cost": "0.00",
      "shipping_method": "express"
    }
  }
]
